0,The 2 Live Crew
1,Young M.C.
2,Big Daddy Kane
3,MC Lyte
4,Kool Moe Dee
5,Wreckx-N-Effect
6,M.C. Hammer
7,Biz Markie
8,The D.O.C.
9,Heavy D & The Boyz
10,De La Soul
11,Ice-T
12,Cool C
13,Kwame
14,Boogie Down Productions
15,Redhead Kingpin & The F.B.I.
16,High Performance
17,3rd Bass
18,Run-D.M.C.
19,Public Enemy
20,Sir Mix-A-Lot
21,N.W.A.
22,EPMD
23,D.J. Jazzy Jeff & The Fresh Prince
24,Mellow Man Ace
47,Awesome Dre & The Hard Core Committee
48,Ms. Melodie
67,The D.O.C.
70,Redhead Kingpin & The F.B.I.
89,Donald-D
90,Ice Cream Tee
96,High Performance
111,Arabian Prince
134,Rob Base
139,Young M.C.
142,Body & Soul
162,Steady B
163,Body & Soul
164,Kool Moe Dee
167,Cool C
185,Redhead Kingpin & The F.B.I.
186,D.J. Jazzy Jeff & The Fresh Prince
208,De La Soul
213,Chubb Rock
255,Wreckx-N-Effect
259,Chubb Rock
260,Young M.C.
282,Serious-Lee-Fine
284,Chubb Rock
323,3rd Bass
326,Digital Underground
330,Rodney O & Joe Cooley
331,T-Ski
332,Divine Styler Feat. The Scheme Team
346,Heavy D & The Boyz
352,Young M.C.
369,The 2 Live Crew
375,Def Dames
376,Kwame
378,Mr. Lee
401,LL Cool J
405,Maestro Fresh-Wes
422,Low Profile
427,Bobby Jimmy & The Critters
452,Vicious Beat Posse
453,Above The Law
454,M.C. Hammer
472,M.C. Hammer
479,T-Ski
496,Maestro Fresh-Wes
502,Biz Markie
525,Vicious Beat Posse
527,Kid Sensation
549,The 2 Live Crew
550,M.C. Hammer
551,The Young And The Restless
574,M.C. Shy-D
575,Kenny B Devine
589,Kid Sensation
594,M.C. Shy-D
596,Kenny B Devine
597,Missy Mist
621,Mark Dee
622,Bobby Jimmy & The Critters
644,Missy Mist
646,Rodney O & Joe Cooley
671,Heavy D & The Boyz
683,Ice Cube
692,M.C. Hammer
693,XClan
696,Jungle Brothers
716,Partners In Kryme
720,Icey Jaye
721,Audio Two
744,David Bowie With Queen Latifah
762,Eric B. & Rakim
765,Mellow Man Ace
766,Kwame & A New Beginning
769,Silk Tymes Leather
770,Compton's Most Wanted
817,The West Coast Rap All-Stars
818,Above The Law
819,Def Dames
820,The UBC
845,Kool Moe Dee
870,Poison Clan
871,K-Solo
885,D-Nice
890,Poor Righteous Teachers
894,David Bowie With Queen Latifah
919,Digital Underground
941,Kid Frost
943,Public Enemy
959,Ice Cube
964,LL Cool J
965,Three Times Dope
966,M.C. Hammer
967,Def Dames
988,Ice Cube
991,Public Enemy
1012,The UBC
1014,Kool Moe Dee
1038,Kyper
1039,Mellow Man Ace
1053,LL Cool J
1060,Doc Box & B. Fresh
1061,King Tee
1082,Doc Box & B. Fresh
1104,Vanilla Ice
1109,Kool G Rap & D.J. Polo
1110,Above The Law
1131,N.W.A.
1134,MC Lyte
1136,Snap
1180,Professor Griff
1183,The Jaz
1185,Red Bandit Feat. Ricky Bell
1201,Special Ed
1206,K-Solo
1207,Eric B. & Rakim
1209,King Tee
1228,M.C. Hammer
1232,Kid Sensation
1233,Poor Righteous Teachers
1252,Monie Love
1253,Sir Mix-A-Lot
1257,Cool C
1275,Too $hort
1278,Cool C
1280,Father M.C.
1282,Compton's Most Wanted
1303,Poor Righteous Teachers
1304,Kwame & A New Beginning
1305,Criminal Nation
1306,Intelligent Hoodlum
1327,Cheba
1329,Big Daddy Kane
1375,Yo-Yo
1378,Master Ace
1380,LL Cool J
1400,Terminator X
1425,Sir Mix-A-Lot
1448,Public Enemy
1449,BWP
1450,Sir Mix-A-Lot
1453,Luke Featuring The 2 Live Crew
1491,EPMD
1500,Vanilla Ice
1501,D-Nice
1521,Criminal Nation
1524,2 Bigg M.C.
1545,Paris
1548,A Tribe Called Quest
1549,Brand Nubian
1571,Brand Nubian
1591,Cheba
1593,D-Nice
1615,M.C. Hammer
1616,Kool G Rap & D.J. Polo
1617,D-Nice
1637,Gerardo
1641,Poison Clan
1643,Special Ed
1666,Salt-N-Pepa
1667,Son Of Bazerk/No Self Control
1668,2 Black 2 Strong MMG
1690,The D.O.C.
1692,K.M.D.
1693,Monie Love Featuring True Image
1715,ED O.G & DA Bulldogs
1716,DJ Quik
1740,Kwame & A New Beginning
1741,Too $hort
1743,M.C. Jr. Cas
1761,Nikki D
1765,Vicious Base Feat. D.J. Magic Mike
1789,Redhead Kingpin
1791,Ice-T
1793,Mario
1809,LL Cool J
1811,Gang Starr
1842,Luke Featuring The 2 Live Crew
1843,EPMD Featuring L.L. Cool J
1862,Yo-Yo Featuring Ice Cube
1865,Run-D.M.C.
1866,ARB
1868,Leaders Of The New School
1887,The Genius
1914,Terminator X
1916,Hansoul
1917,K-Solo
1918,K-9 Posse
1936,Hansoul
1940,Salt-N-Pepa
1942,K-9 Posse
1966,Craig-G
1986,L.A. Posse
2006,Brand Nubian
2007,Vicious Base Feat. D.J. Magic Mike
2008,AMG
2010,3rd Bass
2012,Definition Of Sound
2030,Definition Of Sound
2032,Ice-T
2034,Gerardo
2056,ED O.G & DA Bulldogs
2079,The Dogs Feat. Disco Rick
2080,K.M.D.
2081,Buffalo Soldiers
2100,Nikki D
2116,Gang Starr
2118,Main Source
2119,Heavy D & The Boyz
2120,K.M.D.
2122,EPMD Featuring L.L. Cool J
2125,Gerardo
2126,Craig-G
2144,K.M.D.
2149,Jibri Wise One
2168,LL Cool J
2171,K.M.D.
2190,K.M.D.
2192,The Dogs Feat. Disco Rick
2195,Fifth Platoon
2196,Larry Larr
2236,Rodney O & Joe Cooley
2241,Young Black Teenagers
2256,Big Daddy Kane
2260,Son Of Bazerk
2261,Justin Warfield
2262,Rodney O & Joe Cooley
2281,3rd Bass
2285,Rodney O & Joe Cooley
2305,Larry Larr
2327,Nice & Smooth
2346,Hi-C
2348,Latin Alliance
2349,LL Cool J
2365,Oaktown's 3.5.7
2367,Redhead Kingpin
2368,Salt-N-Pepa
2388,Hi-C
2389,Def Jef
2405,Def Jef
2408,Jibri Wise One
2409,Above The Law
2410,The 2 Live Crew
2421,Salt-N-Pepa
2424,Latin Alliance
2429,Def Jef
2431,Queen Latifah
2439,Public Enemy
2468,Queen Latifah
2470,Cypress Hill
2471,Def Jef
2472,Marley Marl
2473,Yo-Yo
2490,Queen Latifah
2491,Above The Law
2513,Digital Underground
2515,D-Nice
2533,Nice & Smooth
2535,Digital Underground
2537,D-Nice
2538,Def Jef
2560,D-Nice
2562,Def Jef
2581,Black Sheep
2585,Salt-N-Pepa
2605,Big Daddy Kane
2606,M.C. Hammer
2608,Naughty By Nature
2610,Yomo & Maulkie
2634,Naughty By Nature
2656,MC Lyte
2701,Geto Boys
2703,The 2 Live Crew
2724,A Tribe Called Quest
2743,Public Enemy
2746,Heavy D & The Boyz
2747,Del The Funky Homosapien
2749,Geto Boys
2766,Naughty By Nature
2770,Public Enemy
2771,D-Nice
2791,D-Nice
2793,Eric B. & Rakim
2796,A Tribe Called Quest
2815,Eric B. & Rakim
2839,Sir Mix-A-Lot
2840,Fu-Schnickens
2841,Eric B. & Rakim
2843,Lord Finesse
2844,Jibri Wise One
2860,Fu-Schnickens
2866,Brand Nubian
2890,A Tribe Called Quest
2892,Eric B. & Rakim
2912,Luke
2913,True Culture
2914,AMG
2938,True Culture
2959,Cypress Hill
2961,True Culture
2983,2Pac
2984,Chi-Ali
2985,Lord Finesse
3009,Das EFX
3010,Sir Mix-A-Lot
3026,Arrested Development
3031,Naughty By Nature
3033,Lil' Shawn
3034,Del The Funky Homosapien
3054,MC Lyte
3056,Black Sheep
3058,Ghetto Girlz
3079,Ghetto Girlz
3080,M.C. Brains
3082,Sister Souljah
3102,Public Enemy
3105,Ghetto Girlz
3126,Shabba Ranks Featuring KRS-1
3128,Sister Souljah
3151,Dr. Dre Introducing Snoop Doggy Dogg
3152,Doug E. Fresh
3153,Hi-C Featuring Tony A
3154,AMG
3174,Fu-Schnickens
3178,Sylk Smoov
3179,The Future Sound
3204,Keith Sweat Feat. L.L. Cool J
3223,Heavy D & The Boyz
3227,Penthouse Players Clique
3228,M.C. Brains
3253,Black Sheep
3254,Kid Frost
3275,Organized Konfusion
3279,Tim Dog
3295,Kris Kross
3302,Kwame
3304,M.C. Breed
3325,Yo-Yo
3328,Ultramagnetic MC's
3341,Eric B. & Rakim
3351,Main Source
3352,House Of Pain
3354,Too $hort
3378,N2Deep
3398,Kid Frost
3403,Spice 1
3404,Chi-Ali
3423,EPMD
3424,Monie Love
3426,DJ Quik
3428,K-Solo
3429,Beastie Boys
3450,Super Cat
3452,A.D.O.R.
3473,Das EFX
3474,Miles Davis
3476,XClan
3477,Raheem
3498,Grand Puba
3499,Da Youngsta's
3502,The College Boyz
3504,Ho Frat Ho!
3516,Arrested Development
3528,M.C. Brains
3550,MC Serch
3553,Luke
3574,Bushwick Bill
3578,Double XX
3579,Highland Place Mobsters
3597,Gang Starr
3602,Zhigge
3603,Brothers Uv Da Blakmarket
3604,M.C. Breed
3625,Redman
3628,Nice & Smooth
3646,Chubb Rock
3652,Willie D
3653,MC Ren
3668,Wreckx-N-Effect
3675,Brothers Uv Da Blakmarket
3677,Prince Markie Dee & Soul Convention
3678,Nice & Smooth
3697,Super Cat
3700,Lords Of The Underground
3701,Kris Kross
3702,House Of Pain
3723,Compton's Most Wanted
3724,Yo-Yo
3725,EPMD
3745,Lords Of The Underground
3771,Common Sense
3772,M.C. Breed
3774,Home Team
3797,BDP
3798,The College Boyz
3820,Brand Nubian
3821,Lords Of The Underground
3841,Grand Puba
3843,Arrested Development
3846,Public Enemy
3869,Fu-Schnickens
3886,Cypress Hill
3888,EPMD
3889,Grand Puba
3892,Miles Davis
3893,South Central Cartel
3894,Too $hort
3912,Digable Planets
3913,Showbiz & A.G.
3917,Cypress Hill
3939,South Central Cartel
3942,Success-N-Effect
3984,Lighter Shade Of Brown
3989,Success-N-Effect
4008,Young Black Teenagers
4009,Apache
4015,Heavy D & The Boyz
4028,Arrested Development
4037,Nasty Nas
4039,Rough House Survivers
4040,Shabba Ranks
4065,Da Lench Mob
4087,XClan
4088,Y'all So Stupid
4089,Onyx
4090,Paperboy
4104,Dr. Dre
4106,Naughty By Nature
4111,Chubb Rock
4112,Grand Puba
4115,Heather B.
4133,Chaka Demus & Pliers
4138,C.E.B.
4139,Kris Kross
4140,Redman
4164,Zhigge
4165,Above The Law
4189,Da King & I
4190,Louie Rankin
4209,Chi-Ali
4210,Lords Of The Underground
4211,Geto Boys
4213,Common Sense
4214,Shawnie Ranks
4232,Da King & I
4236,Common Sense
4254,Monie Love
4260,Grand Puba
4262,Kam
4263,Prince Markie Dee & Soul Convention
4284,Kam
4287,Heavy D & The Boyz
4305,Brand Nubian
4307,Runaway Slaves
4308,Snow
4310,Chaka Demus & Pliers
4329,Runaway Slaves
4333,Trends Of Culture
4356,Boss
4375,Onyx
4377,Pete Rock & C.L. Smooth
4378,C.E.B.
4399,Geto Boys
4401,Kenny Dope
4402,Onyx
4424,Brand Nubian
4426,Geto Boys
4427,Super Cat
4428,Digable Planets
4447,Showbiz & A.G.
4450,Digable Planets
4451,Dr. Dre
4475,Mobb Deep
4476,Spice 1
4497,Onyx
4498,Ice Cube
4519,Mobb Deep
4524,Yo-Yo
4541,Yo-Yo
4542,Mobb Deep
4544,Positive K
4548,Ice Cube
4569,Rodney O & Joe Cooley
4571,Tag Team
4572,Lin Que
4593,Lin Que
4596,LL Cool J
4597,Redman
4613,MC Lyte
4618,Cypress Hill
4620,Lords Of The Underground
4621,General Grant
4642,Biz Markie
4646,2Pac
4647,Kool G Rap & D.J. Polo
4668,Trique-Dik-Slik
4671,Luke
4672,Knucklehedz
4695,M.C. Breed
4696,Souls Of Mischief
4697,Intelligent Hoodlum
4715,Kris Kross Featuring Supercat
4718,Ice Cube Featuring Das EFX
4720,Scarface
4742,Mista Grimm
4746,Boss
4747,Fat Joe
4768,Wu-Tang Clan
4769,Poizon Posse
4770,Rumpletilskinz
4771,Rodney O & Joe Cooley
4788,"Big Daddy Kane Feat. Spinderella, L. Williams & K. Anderson"
4794,Young Black Teenagers
4795,Biz Markie
4811,Funkdoobiest
4815,The Almighty RSO
4819,Trends Of Culture
4840,Hoodratz
4841,Run-D.M.C.
4843,Jazzy Jeff & The Fresh Prince
4844,Threat
4866,Common Sense
4870,Da Youngsta's
4893,Onyx
4894,Leaders Of The New School
4918,Rumble
4919,Tha Alkaholiks
4937,Erick Sermon
4941,De La Soul
4942,Dr. Dre
4943,Private Investigators
4944,KRS-One
4965,George Clinton
4969,Poison Clan
4990,Nikki D
4991,Salt-N-Pepa
4994,Souls Of Mischief
4995,Digable Planets
5014,Biz Markie
5015,Yo-Yo
5016,Dred Scott
5017,Hi-C
5020,Black Maddness
5044,Casual
5064,Kris Kross
5065,Shaquille O'Neal
5066,ED O.G & DA Bulldogs
5067,Daddy-O
5077,Eazy-E
5086,A Tribe Called Quest
5091,Das EFX
5093,2Pac
5094,LL Cool J
5095,Father
5114,M.C. Breed
5116,Patra (Featuring Lyn Collins)
5119,Rumpletilskinz
5120,Scarface
5128,Queen Latifah
5129,Domino
5130,K7
5131,MC Ren
5137,Too $hort
5141,Jeru The Damaja
5143,12 Gauge
5144,Rakim
5145,Lords Of The Underground
5148,Ice Cube
5163,Jazzy Jeff & The Fresh Prince
5166,Born Jamericans
5175,Snoop Dogg
5242,KRS-One
5243,US 3
5244,Shabba Ranks
5291,Cypress Hill
5322,Salt-N-Pepa Featuring En Vogue
5365,Too $hort
5367,Raheem The Dream
5368,K7
5375,M.C. Hammer
5380,OutKast
5382,Snoop Dogg
5410,Ice Cube
5413,Shaquille O'Neal
5414,Gang Starr
5438,DFC (Duet With MC Eiht)
5442,Wu-Tang Clan
5464,Shyheim
5466,Lighter Shade Of Brown
5469,Nas
5481,Queen Latifah
5492,Masta Ace Incorporated
5493,MeShell Ndegeocello
5495,Kris Kross
5507,The Conscious Daughters
5508,A Tribe Called Quest
5512,M.C. Hammer
5517,Sudden Change
5534,Heavy D & The Boyz
5562,Simple E
5592,Domino
5594,2Pac Duet With Mopreme
5610,South Central Cartel
5619,Black Moon
5645,Patra
5668,Illegal
5684,Warren G & Nate Dogg
5718,Smif-N-Wessun
5739,The Crooklyn Dodgers
5742,Jeru The Damaja
5758,Arrested Development
5766,Tag Team
5769,Coolio
5773,Da Brat
5793,E-40
5812,69 Boyz
5820,Fugees
5843,A Tribe Called Quest
5869,Volume 10
5884,Nice & Smooth
5887,The Puppies
5890,Ill Al Skratch
5894,King Just
5903,Gravediggaz
5909,OutKast
5918,Mad Lion
5919,Heavy D & The Boyz
5933,Public Enemy
5978,Warren G
5980,Ice Cube Featuring George Clinton
5994,Wu-Tang Clan
6017,Queen Latifah
6029,Craig Mack
6037,The Lady Of Rage
6040,Patra Featuring Yo-Yo
6042,Terror Fabulous Featuring Nadine Sutherland
6044,Boogiemonsters
6076,The Notorious B.I.G.
6094,Bone Thugs-N-Harmony
6095,"Sam ""The Beast"""
6115,PMD
6143,Mic Geronimo
6145,Gang Starr
6165,Salt-N-Pepa
6167,Rappin' 4-Tay
6169,Ill Al Skratch Featuring Brian McKnight
6170,Da Youngsta's
6190,Pete Rock & C.L. Smooth
6195,The Roots
6219,Black Moon
6233,Digable Planets
6244,Dis `N' Dat
6263,Da Brat
6269,Above The Law
6275,Keith Murray
6285,Black Sheep
6287,Spice 1
6306,Brand Nubian
6315,Lords Of The Underground
6316,OutKast
6328,Heavy D & The Boyz
6351,Method Man
6368,DFC
6369,Nas
6376,Scarface
6382,Redman
6388,Shaquille O'Neal
6389,Michael Wall Love Foundation
6393,Dis `N' Dat
6408,Slick Rick
6418,69 Boyz
6438,Warren G
6440,69 Boyz
6442,Super Cat
6481,Dru Down
6491,Dana Dane
6492,Paris
6509,Nine
6523,Craig Mack
6537,Tha Alkaholiks
6542,D.J. Trans
6567,Fugees
6576,Too $hort
6588,Funkmaster Flex & The Ghetto Celebs
6591,Vicious
6596,The Notorious B.I.G.
6604,Channel Live
6607,Way 2 Real
6616,95 South
6629,Capleton
6661,The Roots
6664,Rottin Razkals
6686,Group Home
6691,Raekwon Feat. Ghost Face Killer
6715,Shaquille O'Neal Feat. Prince Rakeem The RZA & Method Man
6721,E-40 (Featuring Leviti)
6722,Bone Thugs-N-Harmony Featuring Eazy-E
6724,Ol' Dirty Bastard
6727,Mobb Deep
6728,Redman
6756,Keith Murray
6768,2Pac
6777,Scarface Feat. Ice Cube
6789,Slick Rick Featuring Doug E. Fresh
6816,Dr. Dre
6817,Thug Life
6836,Rappin' 4-Tay Feat. The Spinners
6842,DJ Quik
6864,DJ Smurf And P.M.H.I.
6878,Da Brat
6890,Redman
6913,Nine
6920,Naughty By Nature
6939,Dana Dane
6961,DJ Quik
6963,DJ Smurf And P.M.H.I.
6988,Method Man Featuring Mary J. Blige
6999,95 South
7001,Keith Murray
7007,Mobb Deep
7029,Domino
7030,Mobb Deep
7044,Masta Ace Incorporated
7058,E-40 (Featuring Leviti)
7076,Capleton
7080,Scarface
7083,Mobb Deep
7088,Naughty By Nature
7092,Lost Boyz
7095,Mack 10
7106,Scarface
7123,Mobb Deep
7124,Heather B.
7131,Sam Sneed Featuring Dr. Dre
7132,The Notorious B.I.G.
7146,Questionmark Asylum
7169,The Notorious B.I.G.
7178,Heather B.
7202,Domino
7226,Buju Banton
7229,Shaggy
7232,Chef Raekwon
7247,Lost Boyz
7293,Dr. Dre
7298,Big L
7299,Playa Poncho Featuring L.A. Sno
7318,Big L
7322,The Notorious B.I.G.
7328,Coolio Featuring L.V.
7339,Onyx
7362,Onyx
7366,Smooth
7370,Redman/Method Man
7374,Bone Thugs-N-Harmony
7405,Mack 10
7410,Playa Poncho Featuring L.A. Sno
7414,Masta Ace Incorporated
7415,Doug E. Fresh
7429,Lost Boyz
7436,E-40 (Featuring Suga T)
7449,Das EFX
7457,Mack 10
7459,Naughty By Nature
7475,Jamal
7478,2Pac
7485,Super Cat
7486,Mack 10
7520,Goodie Mob
7521,Raekwon
7523,Cypress Hill
7527,Blahzay Blahzay
7536,The Pharcyde
7546,Erick Sermon
7552,Salt-N-Pepa
7565,Genius/GZA
7577,Capleton
7584,Frost
7596,Onyx
7615,The Click
7616,Method Man
7639,LL Cool J
7660,The D.O.C.
7675,Luniz Featuring Teddy
7679,Spice 1 Featuring MC Eiht
7701,Kool G Rap
7708,Junior M.A.F.I.A. Featuring Aaliyah
7714,Kris Kross
7722,Coolio
7726,Bone Thugs-N-Harmony
7750,Genius/GZA Featuring Inspektah Deck
7758,The D.O.C.
7766,Eazy-E
7780,Mystikal
7791,Fugees
7805,Mystikal
7817,Tha Dogg Pound Featuring Michel'le
7824,Cypress Hill
7845,Heltah Skeltah And O.G.C. As The Fab 5
7921,Junior M.A.F.I.A. Featuring Aaliyah
7928,Junior M.A.F.I.A. Featuring The Notorious B.I.G.
7942,Kool G Rap
7952,Das EFX (Featuring Mobb Deep)
7969,Twinz
7983,Erick Sermon
8008,Jamal
8010,The Click
8015,Redman
8016,Coolio
8020,LL Cool J
8023,Busta Rhymes
8034,Rappin' 4-Tay
8037,Goodie Mob
8039,Jamal
8045,MC Lyte Featuring Xscape
8047,Fat Joe
8081,Bahamadia
8083,Tha Dogg Pound Featuring Michel'le
8092,Lost Boyz
8105,Quad City DJ's
8108,The Click
8109,Jamal
8131,Smoothe Da Hustler
8133,LL Cool J
8169,Luke
8182,Redman
8194,Kris Kross
8203,69 Boyz Featuring Quad City DJ's
8222,Geto Boys Featuring Flaj
8226,DJ Kool
8231,Heather B.
8232,Bone Thugs-N-Harmony
8249,Delinquent Habits
8253,Poppa Doo
8267,Crucial Conflict
8302,Ice-T
8324,Coolio
8329,Digital Underground
8343,Sadat X
8346,Heltah Skeltah
8354,Blahzay Blahzay
8356,Do Or Die (Featuring Twista)
8375,2Pac Featuring K-Ci And JoJo
8379,Mad Lion Featuring KRS-ONE And Brenda K. Starr
8396,Nas
8402,Cypress Hill
8405,Domino
8420,Bahamadia
8425,De La Soul
8429,Ruffa Featuring Tasha
8451,Real Live Featuring K-Def & Larry-O
8460,LL Cool J
8464,Busta Rhymes Featuring Zhane
8468,Xzibit
8506,The Roots
8508,OutKast
8525,Rappin' 4-Tay
8540,A+
8568,The 2 Live Crew
8580,Ras Kass
8588,A+
8596,The Roots
8605,Rappin' 4-Tay
8614,Busta Rhymes Featuring Zhane
8616,Xzibit
8628,Ras Kass
8651,Bahamadia
8666,The Roots
8674,Coolio
8711,The 2 Live Crew
8721,Capone -N- Noreaga
8725,Ras Kass
8740,Dru Down
8744,The Roots
8747,Ras Kass
8757,Lost Boyz
8769,Busta Rhymes Featuring Zhane
8776,Da Brat
8791,Too Short Feat. Parliament Funkadelic
8794,Jeru The Damaja
8812,Goodie Mob
8817,M.O.P.
8861,De La Soul
8863,Keith Murray
8870,Nas
8893,Keith Murray
8904,Killafornia Organization
8908,Mobb Deep
8911,Heltah Skeltah
8915,De La Soul
8948,MC Lyte
8950,OutKast
8952,Richie Rich
8960,Xzibit
8980,Camp Lo
8982,The Roots
8984,D.J. Trans
8996,Da Brat
9012,Capone -N- Noreaga
9029,Xzibit
9032,The Roots
9036,Al Tariq (Kool Fash)
9037,Ras Kass
9048,Richie Rich
9052,Freak Nasty
9059,Jay-Z
9070,Do Or Die (Featuring Twista)
9136,Puff Daddy (Featuring Mase)
9167,DJ Kool
9174,Do Or Die (Featuring Twista)
9177,Richie Rich
9192,LL Cool J
9220,"2Pac, Notorious B.I.G., Radio, Dramacydal & Stretch"
9225,Quad City DJ's
9248,Foxy Brown Featuring Jay-Z
9252,D.J. Trans
9265,Richie Rich
9277,Foxy Brown Featuring Jay-Z
9279,Hev-D
9293,Capone -N- Noreaga
9296,DJ Taz Featuring Raheem The Dream
9297,Westside Connection
9324,Nas
9346,Westside Connection
9358,Tela Featuring Eightball & MJG
9395,Killarmy
9404,OutKast
9426,B-Rock & The Bizz
9441,KRS-One
9447,The Notorious B.I.G.
9460,"Trapp Featuring 2pac, Notorious B.I.G."
9485,Jay-Z
9488,Mobb Deep
9508,Suga Free
9525,"Master P Featuring Steady Mobb'n, Mia X, Mo B. Dick & O'Dell"
9539,Capone -N- Noreaga
9563,Capone -N- Noreaga
9585,Born Jamericans
9586,Twista
9608,Hev-D
9615,Puff Daddy & Faith Evans Featuring 112
9617,Wyclef Jean Featuring Refugee Allstars
9640,Bone Thugs-N-Harmony
9641,Scarface Featuring 2Pac & Johnny P
9643,Warren G Featuring Ronald Isley
9656,Tha Alkaholiks Featuring Ol' Dirty Bastard
9686,Jungle Brothers
9707,Coolio Featuring 40 Thevz
9710,"Lil' Kim Feat. Da Brat, Left Eye, Missy Elliott & Angie Mar"
9711,DFC
9733,The Whoridas
9743,Rampage Featuring Billy Lawrence
9752,Magoo And Timbaland
9785,Royal Flush
9790,The Notorious B.I.G. Featuring Puff Daddy & Mase
9826,O.C. Featuring Yvette Michele
9833,Nastyboy Klick Featuring Roger Troutman
9836,B-Rock & The Bizz
9846,Foxy Brown Featuring Dru Hill
9891,Mack 10
9902,AZ Featuring SWV
9908,Foxy Brown Featuring Jay-Z
9913,Master P Featuring Pimp C And The Shocker
9919,Common Featuring Chantay Savage
9926,DJ Kool
9931,Freak Nasty
9947,"Shaquille O'Neal, Ice Cube, B Real, Peter Gunz & KRS-One"
9956,Kinfusion
9965,Lost Boyz
9966,Refugee Camp All Stars Featuring Pras (With Ky-mani)
9972,Hurricane G
9981,Foxy Brown Featuring Dru Hill
9993,The Beatnuts Featuring Big Punisher & Cuban Link
9998,EPMD
10006,RBL Posse
10022,Jay-Z Featuring Babyface And Foxy Brown
10028,RBL Posse
10046,Mr. Money Loc
10051,Royal Flush
10063,Bone Thugs-N-Harmony
10090,Twista
10094,Queen Pen Featuring Teddy Riley
10101,Royal Flush
10103,Mase
10112,Big Punisher
10114,Capone -N- Noreaga
10145,Craig Mack
10146,Naughty By Nature
10151,Rodney O
10152,D'Meka
10173,Nice & Smooth
10174,Lil' O
10176,Fraze
10189,E-A-Ski Featuring Montell Jordan
10221,Kinsu
10229,Puff Daddy & The Family (Feat. The Notorious B.I.G. & Mase)
10232,Gang Starr
10239,The Notorious B.I.G.
10247,Shaqueen
10252,Young M.C.
10256,WC From Westside Connection
10270,2Pac
10301,K.P. & Envyi
10307,Sting & The Police
10311,Lord Tariq & Peter Gunz
10312,"LL Cool J Featuring Method Man, Redman, DMX, Canibus And Master P"
10326,Rampage
10339,Militia
10359,Busta Rhymes
10397,Heat
10428,LL Cool J
10432,Mase Featuring Total
10433,"Master P Feat. Fiend, Silkk The Shocker, Mia X & Mystikal"
10445,The Psycho Realm
10449,Onyx + Wu-Tang Clan
10454,Wyclef Jean
10461,The Lox
10476,Born Jamericans
10493,Sylk-E. Fyne Featuring Chill
10495,M.O.P.
10497,Mic Geronimo Featuring DMX & Black Rob
10521,Will Smith
10525,DMX Featuring Sheek Of The Lox
10546,Kingpin Skinny Pimp
10558,JD Featuring Da Brat
10563,Queen Pen Featuring Eric Williams
10577,Nadanuf
10591,Jay-Z  Featuring BLACKstreet
10608,2Pac Featuring Eric Williams
10612,Puff Daddy & The Family Featuring The Notorious B.I.G. & Busta Rh
10617,"Silkk The Shocker Featuring Master P, Destiny's Child, O'Dell, Mo"
10626,Beenie Man
10641,Luke Featuring No Good But So Good
10643,Salt-N-Pepa
10651,Do Or Die Featuring Johnny P & Twista
10661,Will Smith
10679,Canibus
10691,Beenie Man
10724,Jay-Z  Featuring BLACKstreet
10756,Salt-N-Pepa
10767,LL Cool J
10769,"Silkk The Shocker Featuring Master P, Destiny's Child, O'Dell, Mo"
10819,Militia
10841,"Silkk The Shocker Featuring Master P, Destiny's Child, O'Dell, Mo"
10844,Jay-Z  Featuring BLACKstreet
10861,Mr. Money Loc Featuring Above The Law
10874,Beenie Man
10907,B.L.H.U.N.T.
10912,Mr. Money Loc Featuring Above The Law
10934,Players For Life
10935,B.L.H.U.N.T.
10937,Puff Daddy Featuring Jimmy Page
10948,"Master P Feat. Fiend, Silkk The Shocker, Mia X & Mystikal"
10952,Cosmic Slop Shop
10974,Wyclef Jean
10980,Cosmic Slop Shop
10992,Hi-Town DJs
11009,69 Boyz
11020,Twista & The Speed Knot Mobstaz
11022,Lord Tariq & Peter Gunz
11033,Mase Featuring Puff Daddy
11044,Lord Tariq & Peter Gunz
11048,Goodie Mob Featuring Outkast
11067,"DJ Smurf Featuring DJ Taz, DJ Kizzy Rock And June Dog"
11075,Cosmic Slop Shop
11081,Wyclef Jean Featuring Queen Pen & The Product
11090,Cam'Ron Featuring Mase
11102,Queen Latifah Featuring Apache
11105,"Master P Featuring Silkk The Shocker, Sons Of Funk And Mo B. Dick"
11132,Heather B.
11139,Tee Kee
11159,Luke Featuring No Good But So Good
11169,Snoop Dogg
11192,"Tragedy, Capone, Infinite"
11193,Noreaga
11201,B.L.H.U.N.T.
11226,Heather B.
11230,All City
11231,Professor Griff
11250,All City
11262,Queen Latifah Featuring Apache
11275,A Tribe Called Quest
11292,Mr. Money Loc Featuring Above The Law
11305,Xzibit
11315,Puff Daddy Featuring Jimmy Page
11322,Brand Nubian
11332,69 Boyz
11335,Nastyboy Klick
11343,Ice Cube Featuring Mr. Short Khop
11347,Mia X Featuring Charlie Wilson
11372,Mack 10 Featuring Gerald Levert
11380,Jay-Z
11387,Cypress Hill
11389,General Grant
11405,A+
11407,"DMX, Method Man, NAS, Ja Rule"
11413,5CENT Featuring Sh'killa
11419,Mo Thugs Family Featuring Bone Thugs-N-Harmony
11432,"Tragedy, Capone, Infinite"
11434,"DMX, Method Man, NAS, Ja Rule"
11446,Big Daddy Kane
11455,DMX
11457,Chuck Smooth
11470,Nonchalant Featuring Rampage
11475,5CENT Featuring Sh'killa
11483,Method Man Featuring Streetlife
11484,DJ Honda Featuring Mos Def
11486,Foxy Brown
11542,Brand Nubian
11558,"Master P Featuring Silkk The Shocker, Sons Of Funk And Mo B. Dick"
11589,Mia X Featuring Charlie Wilson
11659,Too $hort
11665,The 2 Live Crew Featuring Ice-T
11674,Mase Featuring Puff Daddy
11689,No Good-N-Jiggie Featuring Luke
11695,Nonchalant Featuring Rampage
11696,Will Smith
11710,Too $hort
11737,Brand Nubian
11739,Snoop Dogg
11746,Ice Cube Featuring Mr. Short Khop
11751,No Good-N-Jiggie Featuring Luke
11760,WC Featuring Jon B.
11761,Silkk The Shocker Featuring Mystikal
11771,Lauryn Hill
11780,Nastyboy Klick
11786,Bad Azz Featuring Snoop Dogg
11788,Eminem
11789,Chuck Smooth
11790,Infamous Syndicate
11799,B Da Outta Sight Child
11803,Nas
11821,Busta Rhymes Featuring Janet
11837,C. Webb Featuring Kurupt
11847,Snoop Dogg Featuring Mystikal And Fiend
11853,Bad Azz Featuring Snoop Dogg
11878,B Da Outta Sight Child
11879,Chuck Smooth
11880,Eminem
11900,Ice Cube Featuring Mr. Short Khop
11903,JT Money Featuring Sole
11909,NAS Featuring Puff Daddy
11915,C. Webb Featuring Kurupt
11928,Trick Daddy Featuring Trina
11940,Chuck Smooth
11981,Mo Thugs Family Featuring Bone Thugs-N-Harmony
11990,Too $hort
12017,Charli Baltimore Featuring Ghostface Killah
12028,The Beatnuts Featuring Yellaklaw
12044,Charli Baltimore Featuring Ghostface Killah
12061,Cam'ron
12062,Mozae
12063,"Missy ""Misdemeanor"" Elliott"
12064,Loko Featuring Sammy Sam
12066,Nas
12080,Sporty Thievz Featuring Mr. Woods
12083,Mozae
12100,Too $hort
12101,Buddha Monk
12103,Loko Featuring Sammy Sam
12111,Busta Rhymes Featuring Janet
12121,Too $hort
12140,Buddha Monk
12143,White Dawg
12145,Naughty By Nature Featuring Zhane
12156,Busta Rhymes Featuring Janet
12157,Jay-Z
12173,Tru
12202,Jay-Z
12220,Silkk The Shocker Featuring Mystikal
12224,Black Dave
12247,Too $hort
12277,Cam'ron
12280,Tru
12281,Large Professor And Neek The Exotic
12283,T.W.D.Y.
12286,Black Moon
12291,Jay-Z
12303,Tru
12325,40K Crew
12331,Too $hort
12333,Warren G Featuring Mack 10
12335,Pharoahe Monch
12342,Will Smith Featuring Dru Hill & Kool Mo Dee
12346,Cam'ron
12350,Chilldrin Of Da Ghetto Featuring Soultre
12352,Q-Tip
12372,Tru
12385,U-God
12388,Flexx G. Featuring Kurupt And Alkatraz
12415,Will Smith Featuring Dru Hill & Kool Mo Dee
12416,Sporty Thievz Featuring Mr. Woods
12428,Mercedes Featuring Master P
12433,Shyheim
12434,LT. Stitchie Featuring Mad Lion
12462,Shyheim
12468,Sole Featuring JT Money & Kandi
12469,Master P Featuring D.I.G.
12487,Eve
12497,"B.G. Featuring Baby, Turk, Mannie Fresh, Juvenile & Lil' Wayne"
12502,Flexx G. Featuring Kurupt And Alkatraz
12517,Nas
12525,Chilldrin Of Da Ghetto Featuring Soultre
12533,O.G.C.
12535,Mercedes Featuring Master P
12552,Lil' Rachett
12558,"B.G. Featuring Baby, Turk, Mannie Fresh, Juvenile & Lil' Wayne"
12580,O.G.C.
12584,Warren G Featuring Mack 10
12588,Drama
12597,Chilldrin Of Da Ghetto Featuring Soultre
12622,Juvenile Featuring Mannie Fresh & Lil' Wayne
12646,Lil' Rachett
12649,Mercedes Featuring Master P
12654,Drama
12660,Hot Ones
12669,Flexx G. Featuring Kurupt And Alkatraz
12681,Pharoahe Monch
12689,Grandmaster Slice
12776,Jay-Z
12789,Miracle
12803,Da Brat
12811,Jay-Z Featuring Beanie Sigel & Amil
12814,Nas
12830,Pharoahe Monch
12831,Da Brat
12832,Jay-Z
12833,Jay-Z Featuring Beanie Sigel & Amil
12837,Will Smith
12849,Da Brat
12869,Pharoahe Monch
12875,Miracle
12884,Funkmaster Flex & Big Kap Featuring LL Cool J
12905,Da Brat
12906,Common
12917,DMX
12930,Ol' Dirty Bastard Featuring Kelis
12943,504 Boyz
12995,Warren G Featuring Mack 10
12996,Da Brat
13023,Jay-Z
13032,Jay-Z
13063,Rasheeda Featuring Pastor Troy & Re Re
13068,Big Punisher Featuring Donell Jones
13079,Rasheeda Featuring Pastor Troy & Re Re
13085,Black Rob
13087,Big Punisher Featuring Donell Jones
13094,Too $hort
13101,Big Gank Featuring DJ Swamp
13104,Black Rob
13105,DMX
13106,Trig Featuring Funkadelic
13107,Jay-Z
13112,Big L
13121,Big Gank Featuring DJ Swamp
13126,Jurassic 5
13149,Out Of Order Featuring Twista
13182,Eminem
13183,Legend
13190,Da Brat
13191,Lil' Zane Featuring 112
13202,Shyne Featuring Barrington Levy
13203,LL Cool J
13205,Miracle
13206,Out Of Order Featuring Twista
13209,Trig Featuring Funkadelic
13217,Jovishes
13224,Dr. Dre Featuring Snoop Dogg
13225,Shyne Featuring Barrington Levy
13233,Major Figgas
13242,Lil' Kim
13263,Jovishes
13264,Nelly
13273,Wyclef Jean Featuring The Rock & Melky Sedeck
13284,Common
13292,Ying Yang Twins
13296,Lil Bow Wow Featuring Xscape
13304,Havana
13334,Eminem
13341,Too $hort
13350,Jahari
13353,Nelly
13366,Kane & Abel Featuring PNC And 5th Ward Weebie
13369,Cuban Link
13399,Silkk The Shocker Featuring Master P And Mac
13410,Common
13414,Lil' Zane Featuring 112
13416,Lil Jon & The East Side Boyz
13428,"Green Eyez Featuring B-Brazy, Redrum, Squeak Ru, Big Wy"
13447,Shyne Featuring Barrington Levy
13450,Cuban Link
13469,The Pharcyde
13474,Major Figgas
13483,The Pharcyde
13485,Jahari
13492,Shyne Featuring Barrington Levy
13500,Kane & Abel Featuring PNC And 5th Ward Weebie
13523,Philly's Most Wanted
13536,Too $hort
13538,Master P
13544,Philly's Most Wanted
13562,Jay-Z
13608,Jay-Z
13611,Lil Bow Wow Featuring Xscape
13612,Suicide
13620,Lil Bow Wow
13622,Too $hort
13623,Kane & Abel Featuring PNC And 5th Ward Weebie
13636,Jurassic 5
13645,Lil' Zane Featuring 112
13654,Smut Peddlers
13656,Memphis Bleek Featuring Jay-Z & Missy Elliott
13659,Jahari
13667,D12
13675,Slimm Calhoun Featuring Andre 3000
13683,"Shaggy Featuring Ricardo ""RikRok"" Ducent"
13685,"Green Eyez Featuring B-Brazy, Redrum, Squeak Ru, Big Wy"
13688,D12
13689,Silkk The Shocker Featuring Master P And Mac
13697,Ja Rule Featuring Lil' Mo & Vita
13700,Smut Peddlers
13764,Black Miss
13773,Cage
13775,"Shaggy Featuring Ricardo ""RikRok"" Ducent"
13776,Silkk The Shocker Featuring Master P And Mac
13780,Master P
13785,Smut Peddlers
13787,Mos Def & Pharoahe Monch Featuring Nate Dogg
13790,Cage
13806,Mr. Short Khop Featuring Kokane
13807,Papa Seville
13844,Mystikal Featuring Nivea
13856,Ja Rule Featuring Lil' Mo & Vita
13861,Track Squad
13869,Eve
13876,Domino Featuring Diamonique
13890,Phenomenon
13900,The Beatnuts
13920,The Beatnuts
13925,Trick Daddy Featuring The SNS Express
13926,4th Avenue Jones'
13948,Ja Rule Featuring Lil' Mo & Vita
13951,The Black Eyed Peas Featuring Macy Gray
13960,Jay-Z Featuring R. Kelly
13967,M.O.P.
13984,OutKast
13985,Caponiac
13992,Trick Daddy Featuring The SNS Express
14002,"Snoop Dogg Featuring Master P, Nate Dogg, Butch Cassidy & Tha Eastsidaz"
14009,Big Pun Featuring Ashanti
14011,Trick Daddy Featuring The SNS Express
14034,Jay-Z Featuring R. Kelly
14083,QB Finest Featuring Nas & Bravehearts
14084,Afu-Ra Featuring GZA
14085,Shaggy Featuring Rayvon
14086,The Black Eyed Peas Featuring Macy Gray
14096,D12
14097,Jahari
14100,Foxy Brown
14103,"Snoop Dogg Featuring Master P, Nate Dogg, Butch Cassidy & Tha Eastsidaz"
14104,Lil' Romeo
14122,The Notorious B.I.G.
14142,The Notorious B.I.G.
14143,"Shaggy Featuring Ricardo ""RikRok"" Ducent"
14182,The Notorious B.I.G.
14183,The Black Eyed Peas Featuring Macy Gray
14186,"Missy ""Misdemeanor"" Elliott"
14191,The Young Millionaires Featuring Lil' One -- The Young Millionairess
14219,The Notorious B.I.G.
14222,Jahari
14223,Philly's Most Wanted
14229,Erick Sermon Featuring Marvin Gaye
14233,J.A.G. Featuring Cameo And Raa'k
14245,D12
14254,QB Finest Featuring Nas & Bravehearts
14267,Da Beatminerz Featuring Flipmode Squad & Vinia Mojica
14275,Coo Coo Cal
14276,Bishop
14298,Bishop
14302,Redman Featuring Adam F
14339,The Notorious B.I.G.
14342,Petey Pablo
14347,Lil' Zane
14348,Ludacris Featuring Nate Dogg
14372,The Beatnuts Featuring Fatman Scoop
14376,Erick Sermon Featuring Marvin Gaye
14382,Lil' Romeo
14395,Philly's Most Wanted Featuring Andre Wilson
14405,QB Finest Featuring Nas & Bravehearts
14408,Drunken Master Featuring Lola Damone
14411,Juvenile
14412,Skillz
14422,Foxy Brown Featuring Kelis
14425,Lil Bow Wow
14429,Lil' Zane
14438,Ja Rule Featuring Case
14442,The Young Millionaires
14445,Drunken Master Featuring Lola Damone
14447,Trick Daddy
14465,Jay-Z
14468,Lil Bow Wow
14469,Trick Daddy
14476,Dennis Da Menace
14477,Po' White Trash And The Trailer Park Symphony
14479,Survivalist
14487,Bubba Sparxxx
14491,Empty Mynd
14492,Mr. Cheeks
14515,Bubba Sparxxx
14520,Survivalist
14534,Po' White Trash And The Trailer Park Symphony
14538,Coo Coo Cal
14539,The Young Millionaires
14543,Ja Rule Featuring Case
14547,Kool G Rap Featuring G Wise
14554,Fat Joe Featuring R. Kelly
14555,Bubba Sparxxx
14564,John Got'ti
14567,Chocolate Bandit
14575,Bubba Sparxxx
14605,Dena Cali
14610,Po' White Trash And The Trailer Park Symphony
14614,Kool G Rap Featuring G Wise
14615,Bubba Sparxxx
14616,Mobb Deep Featuring Vita & Noyd
14626,Kool G Rap Featuring G Wise
14640,Chocolate Bandit
14654,Crimewave
14658,Minott Featuring Kurupted Seed
14659,Dena Cali
14679,Minott Featuring Kurupted Seed
14685,Petey Pablo
14691,Busta Rhymes
14696,Dena Cali
14719,Chocolate Bandit
14721,Nas
14737,Nas
14745,Method Man & Redman
14770,Crimewave
14791,Fat Joe Featuring R. Kelly
14812,Busta Rhymes
14823,Fabolous
14833,Fat Joe Featuring R. Kelly
14838,Da Entourage
14844,Mystikal
14851,Fat Joe Featuring R. Kelly
14859,Ludacris Featuring Sleepy Brown
14861,"Ja Rule Featuring Charli ""Chuck"" Baltimore"
14867,Fabolous
14868,Pretty Willie
14876,Nas
14881,Benzino Featuring Mr. Gzus & Teddy Riley
14887,Naughty By Nature Featuring 3LW
14896,Jay-Z
14905,No Good
14917,Ja Rule Featuring Ashanti
14924,"Roy Jones, Jr. Featuring Dave Hollister, Perion & Hahz The Rippa"
14942,Dennis Da Menace
14943,Ludacris Featuring Sleepy Brown
14944,"Roy Jones, Jr. Featuring Dave Hollister, Perion & Hahz The Rippa"
14965,Willie D
14985,Dennis Da Menace
14998,Dennis Da Menace
14999,Fat Joe Featuring Ashanti
15001,Crimewave
15024,Cam'Ron Featuring Juelz Santana
15034,"Ja Rule Featuring Charli ""Chuck"" Baltimore"
15039,N.O.R.E.
15045,Fat Joe Featuring Ashanti
15049,Ludacris Featuring Sleepy Brown
15050,Khia Featuring DSD
15051,The Notorious B.I.G.
15064,Big Tymers
15077,Ying Yang Twins
15079,Ludacris Featuring Sleepy Brown
15080,Nappy Roots
15083,Clipse
15084,Mr. Cheeks
15085,Khia Featuring DSD
15105,Ja Rule Featuring Ashanti
15120,Nappy Roots
15121,Angie Martinez Featuring Lil' Mo & Sacario
15142,Styles
15161,Lil Wayne
15178,Sean Paul
15179,Lil Wayne
15183,Nas
15184,Eminem
15224,Eminem
15240,Fat Joe Featuring Ashanti
15263,Trick Daddy Featuring Cee-Lo & Big Boi
15266,Slum Village Featuring Dwele
15267,"Lil Bow Wow Featuring Jermaine Durpri, Fabolous & Fundisha"
15287,"Cam'Ron Featuring Juelz Santana, Freekey Zekey & Toya"
15307,Khia Featuring DSD
15330,Eminem
15378,Lil Wayne
15379,Slum Village Featuring Dwele
15447,Beenie Man Featuring Janet
15448,Ying Yang Twins Featuring Mr. Ball
15467,Erick Sermon Featuring Redman
15510,Nelly
15514,Big Tymers
15537,"Nelly Featuring Kyjuan, Ali & Murphy Lee"
15538,Ja Rule Featuring Bobby Brown
15539,Xzibit
15562,Benzino
15584,50 Cent
15585,Ja Rule Featuring Bobby Brown
15601,Eve
15625,Busta Rhymes Featuring Spliff Star
15626,Benzino
15641,2Pac
15649,Benzino
15652,Wayne Wonder
15676,Eve Featuring Alicia Keys
15694,Snoop Dogg
15698,Benzino
15717,"Cam'Ron Featuring Juelz Santana, Freekey Zekey & Toya"
15722,Smilez & Southstar
15723,Benzino
15746,"Cam'Ron Featuring Juelz Santana, Freekey Zekey & Toya"
15766,Nelly Featuring Kelly Rowland
15836,Eminem
15857,Snoop Dogg Featuring Pharrell & Uncle Charlie Wilson
15858,Wayne Wonder
15877,Baby Featuring Clipse
15878,Eminem
15903,Sean Paul
15915,Baby Featuring Clipse
15940,Jay-Z Featuring Beyonce Knowles
15961,Wayne Wonder
15983,Killer Mike Featuring Big Boi
15984,Smilez & Southstar
16007,Killer Mike Featuring Big Boi
16008,Busta Rhymes Featuring Spliff Star
16030,Killer Mike Featuring Big Boi
16053,Bone Crusher Featuring Killer Mike & T.I.
16075,Bone Crusher Featuring Killer Mike & T.I.
16092,Ja Rule Featuring Ashanti
16095,"Missy ""Misdemeanor"" Elliott"
16096,DMX
16097,Baby Featuring Clipse
16116,"Missy ""Misdemeanor"" Elliott Featuring Ludacris"
16119,Hitman Sammy Sam
16141,DMX
16158,Nelly
16159,2Pac Featuring Trick Daddy
16184,Hitman Sammy Sam
16185,Loon Featuring Kelis
16207,Loon Featuring Kelis
16226,2Pac Featuring Trick Daddy
16248,2Pac Featuring Trick Daddy
16249,50 Cent
16271,Loon Featuring Kelis
16291,50 Cent
16317,2Pac Featuring Trick Daddy
16319,The Black Eyed Peas
16341,Young Gunz
16364,2Pac Featuring Trick Daddy
16387,2Pac Featuring Trick Daddy
16389,Jay-Z
16413,2Pac Featuring Trick Daddy
16482,T.I.
16485,Jay-Z
16506,DMX
16511,Nappy Roots
16535,Elephant Man
16556,Obie Trice
16558,Chingy Featuring Ludacris & Snoop Dogg
16561,213
16605,213
16607,The Black Eyed Peas
16632,Elephant Man
16655,Wyclef Jean Featuring Missy Elliott
16667,Obie Trice
16674,Ying Yang Twins
16675,Wyclef Jean Featuring Missy Elliott
16697,Elephant Man
16698,G Unit
16720,Ying Yang Twins
16740,T.I.
16759,Wyclef Jean Featuring Missy Elliott
16765,50 Cent
16808,Ying Yang Twins
16809,Nelly
16830,Wyclef Jean Featuring Missy Elliott
16852,Too Short Featuring Lil Jon & The East Side Boyz
16894,Ja Rule
16896,T.I.
16918,Big Tymers Featuring R. Kelly
16938,Juvenile Featuring Mannie Fresh
16941,Too Short Featuring Lil Jon & The East Side Boyz
16963,Loon Featuring Mario Winans
16986,Too Short Featuring Lil Jon & The East Side Boyz
17006,T.I.
17009,Sean Paul Featuring Sasha
17028,Murphy Lee Featuring Jermaine Dupri
17032,Bow Wow Featuring Jagged Edge
17053,Jay-Z
17054,Murphy Lee Featuring Jermaine Dupri
17099,Beenie Man Featuring Ms. Thing
17120,Trillville
17121,Beenie Man Featuring Ms. Thing
17122,Jay-Z
17123,T.O.K.
17144,Beenie Man Featuring Ms. Thing
17169,Westside Connection Featuring Nate Dogg
17171,Jay-Z
17192,Nick Cannon Featuring R. Kelly
17243,Juvenile Featuring Soulja Slim
17264,Juvenile Featuring Mannie Fresh
17266,Missy Elliott
17290,Jay-Z
17315,Young Gunz
17337,Lloyd Banks
17339,"Yung Wun Featuring DMX, Lil' Flip & David Banner"
17364,Mobb Deep
17385,Jay-Z
17390,Cassidy Featuring Mashonda
17410,Jadakiss Featuring Nate Dogg
17413,Elephant Man
17415,Ying Yang Twins Featuring Trick Daddy
17428,Mase
17439,Dilated Peoples Featuring Kanye West
17463,"Houston Featuring Chingy, Nate Dogg & I-20"
17487,Slum Village Featuring Kanye West & John Legend
17488,Play-N-Skillz Featuring Krayzie Bone & Adina Howard
17506,Terror Squad
17509,Twista Featuring R. Kelly
17577,Jadakiss Featuring Anthony Hamilton
17581,LL Cool J
17585,Young Buck
17608,T.I.
17622,Nelly Featuring Jaheim
17629,D12
17634,Lil Scrappy
17702,D12
17704,Play-N-Skillz Featuring Krayzie Bone & Adina Howard
17722,Mase Featuring P. Diddy
17747,D12
17751,Lloyd Banks
17771,Guerilla Black Featuring Beenie Man
17772,J-Kwon Featuring Sadiyyah
17774,Dem Franchize Boyz
17796,213
17816,Snoop Dogg Featuring Pharrell
17817,Lloyd Banks
17818,Dem Franchize Boyz
17820,213
17842,Dem Franchize Boyz
17843,Lloyd Banks
17863,"Houston Featuring Chingy, Nate Dogg & I-20"
17879,LL Cool J Featuring 7 Aurelius
17887,Ja Rule Featuring R. Kelly & Ashanti
17888,Dem Franchize Boyz
17906,Ja Rule Featuring R. Kelly & Ashanti
17931,Beenie Man
17955,Nelly
17956,Crime Mob Featuring Lil Scrappy
18001,Ja Rule Featuring Fat Joe & Jadakiss
18016,Lil Jon & The East Side Boyz Featuring Usher & Ludacris
18018,Nelly Featuring Jaheim
18023,Ja Rule Featuring Fat Joe & Jadakiss
18041,Ja Rule Featuring Fat Joe & Jadakiss
18046,Crime Mob Featuring Lil Scrappy
18047,Lil Scrappy
18069,Crime Mob Featuring Lil Scrappy
18113,Trillville Featuring Cutty
18137,Terror Squad
18140,T.I.
18162,T.I.
18163,Guerilla Black Featuring Mario Winans
18210,Fabolous Featuring Mike Shorey
18211,NB Ridaz
18233,Eminem
18237,50 Cent Featuring Olivia
18259,Twista Featuring Faith Evans
18262,"Trick Daddy Featuring Ludacris, Lil' Kim & Cee-Lo"
18307,Cam'Ron Featuring Kanye West & Syleena Johnson
18308,The Game Featuring 50 Cent
18333,Cassidy
18334,Ying Yang Twins
18335,Baby Bash Featuring Akon
18359,Ludacris
18361,Mike Jones Featuring Slim Thug & Paul Wall
18386,Pitbull Featuring Lil Jon
18437,Fat Joe
18455,50 Cent
18460,Pretty Ricky
18486,Webbie Featuring Bun B
18533,I-Wayne
18561,Nas Featuring Quan
18585,Boyz N Da Hood
18586,T.I.
18587,Missy Elliott Featuring Ciara & Fat Man Scoop
18605,Kanye West
18659,Fat Joe Featuring Nelly
18660,Bow Wow Featuring Omarion
18661,Gucci Mane Featuring Young Jeezy & Boo
18662,Mike Jones
18685,Game
18687,Lil Rob
18704,Ludacris Featuring Bobby Valentino
18736,Daddy Yankee
18737,The Black Eyed Peas
18758,Tony Yayo Featuring 50 Cent
18773,Rihanna
18810,Common
18811,Jermaine Dupri
18830,Ying Yang Twins Featuring Mike Jones & Mr. ColliPark
18835,Young Jeezy Featuring Mannie Fresh
18857,David Banner
18859,Baby Bash Featuring Akon
18878,50 Cent Featuring Mobb Deep
18909,Common
18957,T.I.
18980,Paul Wall Featuring Big Pokey
19002,Boyz N Da Hood
19004,Paul Wall Featuring Big Pokey
19023,T.O.K.
19024,Jermaine Dupri
19029,Boyz N Da Hood
19052,Tony Yayo Featuring 50 Cent
19073,"Dem Franchize Boyz Featuring Jermaine Dupri, Da Brat & Bow Wow"
19074,50 Cent
19095,"Dem Franchize Boyz Featuring Jermaine Dupri, Da Brat & Bow Wow"
19099,Mike Jones
19101,Tony Yayo Featuring 50 Cent
19148,YoungBloodZ
19149,Young Jeezy Featuring Mannie Fresh
19195,Young Jeezy Featuring Jay-Z
19217,Kanye West Featuring Adam Levine
19219,50 Cent
19220,Chamillionaire Featuring Lil' Flip
19244,"Nelly Featuring Paul Wall, Ali & Gipp"
19268,P$C Featuring T.I. & Lil Scrappy
19293,50 Cent Featuring Mobb Deep
19341,Busta Rhymes
19361,Twista Featuring Pitbull
19364,Styles P Featuring Akon
19385,Busta Rhymes
19386,Bow Wow Featuring J-Kwon & Jermaine Dupri
19387,Twista Featuring Pitbull
19411,Twista Featuring Pitbull
19434,Dem Franchize Boyz Featuring Lil Peanut & Charlay
19436,Eminem
19481,Twista Featuring Pitbull
19501,Twista Featuring Pitbull
19503,Eminem
19523,Kanye West Featuring Adam Levine
19525,Twista Featuring Pitbull
19564,Young Jeezy Featuring Akon
19569,Mobb Deep Featuring 50 Cent & Nate Dogg
19608,Young Jeezy
19611,Three 6 Mafia
19612,Lil Jon Featuring E-40 & Sean Paul Of The YoungBloodZ
19630,Chamillionaire Featuring Lil' Flip
19631,Young Jeezy
19652,Shawnna
19653,Lil Jon Featuring E-40 & Sean Paul Of The YoungBloodZ
19654,Lil Rob
19655,Young Jeezy
19695,Lil Jon Featuring E-40 & Sean Paul Of The YoungBloodZ
19720,Lil Rob
19721,Field Mob Featuring Ciara
19723,LL Cool J Featuring Jennifer Lopez
19724,D4L
19745,Lil Wayne
19747,"DJ Khaled Featuring Lil Wayne, Paul Wall, Fat Joe, Rick Ross & Pitbull"
19768,"DJ Khaled Featuring Lil Wayne, Paul Wall, Fat Joe, Rick Ross & Pitbull"
19770,"Bun-B Featuring Pimp C, Z-Ro, Young Jeezy & Jay-Z"
19839,Too $hort
19859,"DJ Khaled Featuring Lil Wayne, Paul Wall, Fat Joe, Rick Ross & Pitbull"
19862,Young Dro Featuring T.I.
19883,"DJ Khaled Featuring Lil Wayne, Paul Wall, Fat Joe, Rick Ross & Pitbull"
19906,Remy Ma Featuring Ne-Yo
19907,"DJ Khaled Featuring Lil Wayne, Paul Wall, Fat Joe, Rick Ross & Pitbull"
19946,"DJ Khaled Featuring Lil Wayne, Paul Wall, Fat Joe, Rick Ross & Pitbull"
19969,Ghostface Killah Featuring Ne-Yo
19974,Bubba Sparxxx
20016,"DJ Khaled Featuring Lil Wayne, Paul Wall, Fat Joe, Rick Ross & Pitbull"
20020,Lil Wayne
20037,OutKast
20085,Ghostface Killah Featuring Ne-Yo
20088,OutKast
20106,Cadillac Don & J-Money
20127,Diddy Featuring Nicole Scherzinger
20129,Cadillac Don & J-Money
20132,Jibbs
20151,Tony Matterhorn
20175,The Pack
20199,Rick Ross
20201,The Game Featuring Junior Reid
20223,Cadillac Don & J-Money
20268,Busta Rhymes Featuring Rick James
20290,Remy Ma Featuring Ne-Yo
20313,Brown Boy
20331,Lloyd Banks Featuring 50 Cent
20353,Tony Matterhorn
20379,Brown Boy
20418,Game
20421,Young Jeezy
20423,Lil' Boosie Featuring Yung Joc
20447,Jay-Z
20468,Lil Jon Featuring E-40 & Sean Paul Of The YoungBloodZ
20471,T.I.
20490,Diddy Featuring Christina Aguilera
20491,Lil' Boosie Featuring Yung Joc
20517,The Game Featuring Junior Reid
20519,Young Dro
20541,Rich Boy Featuring Polow Da Don
20542,Pitbull
20585,Yung Joc Featuring Brandy 'Ms. B.' Hambrick
20609,Jay-Z
20610,Jibbs Featuring Chamillionaire
20612,Chingy Featuring Jermaine Dupri
20635,Young Dro
20657,Jibbs Featuring Chamillionaire
20701,Crime Mob Featuring Lil Scrappy
20720,Jibbs Featuring Chamillionaire
20746,Pitbull
20747,Swizz Beatz
20769,Pitbull
20790,Ludacris Featuring Pharrell
20791,Paul Wall Featuring Lil' KeKe
20813,Paul Wall Featuring Lil' KeKe
20816,Swizz Beatz
20838,Swizz Beatz
20859,Collie Buddz
20879,Paul Wall Featuring Lil' KeKe
20880,Chamillionaire Featuring Kelis
20901,Shop Boyz
20903,Young Buck
20904,Paul Wall Featuring Lil' KeKe
20925,Paul Wall Featuring Lil' KeKe
20947,The Game Featuring Kanye West
20948,Young Buck
20969,Ludacris
20991,Paul Wall Featuring Jermaine Dupri
20992,T.I.
21011,Ludacris
21032,Pretty Ricky
21033,Lil Mama
21035,Swizz Beatz
21058,Mims
21078,The Alliance Featuring Fabo
21079,Swizz Beatz
21081,Plies Featuring T-Pain
21102,Plies Featuring T-Pain
21103,Swizz Beatz
21188,Kia Shine
21189,Bone Thugs-N-Harmony Featuring Mariah Carey & Bow Wow
21229,Mims
21253,Kanye West
21274,Bone Thugs-N-Harmony Featuring Akon
21277,Baby Bash Featuring T-Pain
21278,Bone Thugs-N-Harmony Featuring Mariah Carey & Bow Wow
21298,50 Cent Featuring Justin Timberlake & Timbaland
21299,Yung Joc Featuring Gorilla Zoe
21300,The Alliance Featuring Fabo
21323,Yung Joc Featuring Gorilla Zoe
21346,Cassidy Featuring Swizz Beatz
21370,Fabolous Featuring Jermaine Dupri
21371,Playaz Circle Featuring Lil Wayne
21390,Nelly
21418,will.i.am
21419,"DJ Khaled Featuring T-Pain, Trick Daddy, Rick Ross & Plies"
21440,will.i.am
21459,Kanye West Featuring T-Pain
21486,Jay-Z
21488,Flo Rida Featuring T-Pain
21534,Flo Rida Featuring T-Pain
21553,Flo Rida Featuring T-Pain
21557,Common
21579,Common
21602,Jay-Z
21603,Nelly
21649,Kanye West Featuring Dwele
21668,Webbie Featuring Lil' Phat & Lil' Boosie
21693,50 Cent Featuring Akon
21694,50 Cent
21716,50 Cent Featuring Akon
21739,Styles P Featuring Swizz Beatz
21740,Chingy Featuring Amerie
21741,50 Cent Featuring Akon
21763,Chingy Featuring Amerie
21789,Rocko
21813,Rocko
21837,Lupe Fiasco Featuring Matthew Santos
21879,Missy Elliott
21880,Gucci Mane
21906,Lil Wil
21907,2 Pistols
21908,Big Geminii
21953,Glasses Malone Featuring Akon
21975,Trina
21976,Lil Mama Featuring Chris Brown & T-Pain
21999,Bow Wow & Omarion
22019,Big Geminii
22044,Trina
22066,Sheek Louch
22130,Snoop Dogg Featuring Too $hort & Mistah F.A.B.
22131,Mike Jones Featuring Hurricane Chris
22132,Nelly Featuring Fergie
22153,Nelly Featuring Fergie
22154,Soulja Boy Tell'em Featuring Arab
22172,Missy Elliott
22173,Lil Wil
22195,Lil Wil
22197,Wiz Khalifa
22217,Shawty Lo
22237,The Game Featuring Keyshia Cole
22239,Bun-B Featuring Sean Kingston
22240,Young Jeezy Featuring Kanye West
22241,Flo Rida Featuring Timbaland
22242,Baby Bash Featuring Keith Sweat
22263,Young Jeezy Featuring Kanye West
22266,Baby Bash Featuring Keith Sweat
22284,"Three 6 Mafia Featuring Project Pat, Young D & Superpower"
22285,T.I.
22286,Bun-B Featuring Sean Kingston
22333,Maino
22352,T.I.
22354,Soulja Boy Tell'em
22377,Snoop Dogg Featuring Too $hort & Mistah F.A.B.
22420,LL Cool J Featuring The-Dream
22443,Kanye West Featuring Chris Martin
22444,"DJ Khaled Feat. Akon, Plies, Young Jeezy, Rick Ross, Ace Hood, Trick Daddy & Lil' Boosie"
22463,Flo Rida Featuring T-Pain
22464,"DJ Khaled Feat. Akon, Plies, Young Jeezy, Rick Ross, Ace Hood, Trick Daddy & Lil' Boosie"
22466,Soulja Boy Tell'em
22489,Soulja Boy Tell'em
22513,The Game Featuring Lil Wayne
22554,The Game Featuring Keyshia Cole
22558,The Game Featuring Lil Wayne
22600,Jay-Z
22621,"DJ Khaled Feat. Akon, Plies, Young Jeezy, Rick Ross, Ace Hood, Trick Daddy & Lil' Boosie"
22623,Savage Featuring Soulja Boy Tell'em
22665,Pitbull Featuring Lil Jon
22679,Mike Jones Featuring Trey Songz & Twista
22686,David Banner Featuring Lil Wayne
22726,David Banner Featuring Lil Wayne
22765,Gorilla Zoe
22778,Kardinal Offishall Featuring Akon
22784,Savage Featuring Soulja Boy Tell'em
22785,Plies Featuring Chris J
22799,Ace Hood Featuring Trey Songz
22816,Pitbull Featuring Lil Jon
22825,Lil Wil
22845,Soulja Boy Tell'em
22863,Kardinal Offishall Featuring Akon
22883,Lil Wil
22884,Jadakiss Featuring Ne-Yo
22886,Kardinal Offishall Featuring Akon
22906,Lil Wil
22924,Jay-Z Featuring Santogold
22927,DJ Khaled Featuring Kanye West & T-Pain
22949,GS Boyz
22968,GS Boyz
22970,50 Cent
22986,M.I.A.
22990,50 Cent
23008,Slim Thug
23023,50 Cent
23028,Slim Thug
23029,Mike Jones
23032,Busta Rhymes Featuring Ron Browz
23051,OJ Da Juiceman Featuring Gucci Mane
23052,Young Jeezy Featuring Nas
23092,Rick Ross Featuring John Legend
23128,Bow Wow Featuring Johnta Austin
23131,Slim Thug
23132,Baby Bash Featuring Lil Jon & Mario
23133,The Black Eyed Peas
23151,Pitbull
23155,50 Cent
23178,Baby Bash Featuring Lil Jon & Mario
23201,Slim Thug
23221,Maino Featuring T-Pain
23223,Birdman Featuring Lil Wayne
23224,Hurricane Chris Featuring SupaSTAAR
23225,DJ Class Featuring Lil Jon
23244,Eminem
23247,DJ Class Featuring Lil Jon
23248,Paul Wall Featuring Webbie & Mouse
23249,F.L.Y. (Fast Life Yungstaz)
23271,Dorrough
23272,Young Money
23299,Drake
23346,New Boyz
23347,Twista Featuring Erika Shevon
23366,Twista Featuring Erika Shevon
23370,Jadakiss Featuring Swizz Beatz & OJ Da Juiceman
23372,Gorilla Zoe
23393,Dorrough
23396,Gorilla Zoe
23420,Gorilla Zoe
23466,Rick Ross Featuring John Legend
23468,Gorilla Zoe
23489,Sean Paul
23492,Rick Ross Featuring John Legend
23514,Drake Featuring Trey Songz & Lil Wayne
23540,Kid Cudi Featuring Kanye West & Common
23587,Flo Rida Featuring Ne-Yo
23608,Soulja Boy Tell 'em Featuring Sammie
23610,Lil Kim Featuring T-Pain & Charlie Wilson
23631,Soulja Boy Tell 'em Featuring Sammie
23635,Lil Kim Featuring T-Pain & Charlie Wilson
23655,Mullage
23658,Jadakiss Featuring Swizz Beatz & OJ Da Juiceman
23682,Jadakiss Featuring Swizz Beatz & OJ Da Juiceman
23705,Eminem
23706,LMFAO
23707,Plies
23729,Eminem
23731,Drake
23746,The Black Eyed Peas
23752,Clipse Featuring Pharrell
23754,Chalie Boy
23778,Drake Featuring Lil Wayne & Young Jeezy
23796,Clipse Featuring Pharrell
23819,Birdman Featuring Jay Sean
23847,New Boyz Featuring Ray J
23866,Birdman Featuring Lil Wayne & Drake
23868,Lil Boosie Featuring Young Jeezy & Webbie
23888,Twista Featuring Erika Shevon
23914,Gucci Mane Featuring Usher
23935,Lil Boosie Featuring Young Jeezy & Webbie
23979,Young Money Featuring Gucci Mane
23980,Juvenile
24002,Nicki Minaj Featuring Lil Wayne
24065,Young Money Featuring Gucci Mane
24066,Fabolous Featuring Keri Hilson
24090,Timbaland Featuring Drake
24111,Plies Featuring Keri Hilson
24152,Plies Featuring Keri Hilson
24155,The Party Boyz
24177,Lil Wayne
24197,Plies Featuring Keri Hilson
24198,"DJ Khaled Featuring Usher, Drake, Young Jeezy & Rick Ross"
24199,B.o.B Featuring Bruno Mars
24219,"DJ Khaled Featuring Usher, Drake, Young Jeezy & Rick Ross"
24303,Trina Featuring Diddy & Keri Hilson
24305,Lloyd Banks Featuring Juelz Santana
24306,Pitbull Featuring Akon
24307,Gucci Mane Featuring Usher
24326,Drake
24328,Trina Featuring Diddy & Keri Hilson
24349,Trina Featuring Diddy & Keri Hilson
24394,The Party Boyz
24416,The Party Boyz
24417,Cypress Hill Featuring Pittbull & Marc Anthony
24439,Plies
24477,Birdman Featuring Drake & Lil Wayne
24479,Ludacris Featuring Trey Songz
24498,Ludacris Featuring Trey Songz
24499,Plies
24520,Ludacris Featuring Trey Songz
24525,Juelz Santana Featuring Chris Brown
24546,Nicki Minaj
24547,Juelz Santana Featuring Chris Brown
24548,Gucci Mane
24570,Baby Bash Featuring Marty James
24571,Roscoe Dash
24616,Drake Featuring Lil Wayne
24617,Roscoe Dash
24639,Drake Featuring Lil Wayne
24642,Bobby Brackins Featuring Ray J
24663,Waka Flocka Flame
24664,Bobby Brackins Featuring Ray J
24667,Lil Wayne
24686,Eminem Featuring Rihanna
24692,Rick Ross Featuring Styles P
24741,YG
24742,Fat Joe Featuring Trey Songz
24766,New Boyz Featuring Iyaz
24791,Drake Featuring T.I. & Swizz Beatz
24816,Dorrough
24817,B.o.B Featuring Rivers Cuomo
24866,Drake Featuring Nicki Minaj
24890,Gucci Mane Featuring Swizz Beatz
24891,Flo Rida Featuring David Guetta
24912,Lil Wayne Featuring Drake
24914,Nelly
24939,Bobby Brackins Featuring Ray J
24962,B.o.B Featuring Bruno Mars
25006,Soulja Boy Tell'em
25009,Cali Swag District
25010,Lil Wayne
25011,Birdman Featuring Tyga & Lil Wayne
25031,Soulja Boy Tell'em
25057,Gucci Mane Featuring Trey Songz
25076,Kanye West Featuring Pusha T
25078,Gucci Mane Featuring Trey Songz
25079,Gucci Mane Featuring Swizz Beatz
25080,Pitbull Featuring T-Pain
25101,Gucci Mane Featuring Trey Songz
25103,Dorrough
25127,Dorrough
25151,T.I. Featuring Chris Brown
25152,"Lloyd Banks Featuring Kanye West, Swizz Beatz, Fabolous & Ryan Leslie"
25173,T.I. Featuring Chris Brown
25196,Flo Rida Featuring David Guetta
25223,Slim Thug Featuring B.o.B
25242,T.I. Featuring Chris Brown
25246,Soulja Boy
25264,"Kanye West Featuring Jay-Z, Rick Ross, Bon Iver & Nicki Minaj"
25269,"Lloyd Banks Featuring Kanye West, Swizz Beatz, Fabolous & Ryan Leslie"
25287,Kanye West Featuring Pusha T
25314,Kanye West Featuring Pusha T
25361,Drake Featuring Nicki Minaj
25384,Eminem Featuring Lil Wayne
25405,Drake Featuring Nicki Minaj
25428,"DJ Khaled Featuring Rick Ross, Plies, Lil Wayne & T-Pain"
25450,Bow Wow Featuring Chris Brown
25459,Chris Brown Featuring Lil Wayne & Busta Rhymes
25472,Drake Featuring Nicki Minaj
25493,Lloyd Banks Featuring Jeremih
25494,Nicki Minaj
25516,Ace Hood
25527,Twista Featuring Chris Brown
25536,Ace Hood
25557,Dr. Dre Featuring Snoop Dogg & Akon
25582,Lloyd Banks Featuring Jeremih
25604,Big Sean Featuring Chris Brown
25626,Lloyd Banks Featuring Jeremih
25628,Diddy - Dirty Money Featuring Skylar Grey
25650,Tinie Tempah Featuring Eric Turner
25672,Diddy - Dirty Money Featuring Trey Songz
25674,"DJ Khaled Featuring Rick Ross, Plies, Lil Wayne & T-Pain"
25697,Drake Featuring Nicki Minaj
25747,Nicki Minaj
25769,Lloyd Banks Featuring Jeremih
25771,LMFAO Featuring Lauren Bennett & GoonRock
25787,"DJ Khaled Featuring Drake, Rick Ross & Lil Wayne"
25837,Lil Wayne
25864,Young Jeezy Featuring Lil Wayne
25889,Meek Mill Featuring Rick Ross
25890,Wiz Khalifa Featuring Too $hort
25891,New Boyz Featuring The Cataracs & Dev
25914,Yo Gotti
25915,David Guetta Featuring Flo Rida & Nicki Minaj
25937,"DJ Drama Featuring Fabolous, Roscoe Dash & Wiz Khalifa"
25960,Bad Meets Evil Featuring Bruno Mars
25963,Big K.R.I.T.
25964,Tyga Featuring Chris Richardson
25965,New Boyz Featuring Chris Brown
25986,Big Sean Featuring Kanye West & Roscoe Dash
26003,Wiz Khalifa
26012,Yo Gotti
26038,Kreayshawn
26059,Young Jeezy Featuring Lil Wayne
26062,Pitbull Featuring Marc Anthony
26085,Kreayshawn
26098,Wale Featuring Jeremih & Rick Ross
26108,Wiz Khalifa Featuring Too $hort
26146,New Boyz Featuring Chris Brown
26154,"DJ Drama Featuring Fabolous, Roscoe Dash & Wiz Khalifa"
26178,Sean Paul Featuring Alexis Jordan
26201,"DJ Drama Featuring Fabolous, Roscoe Dash & Wiz Khalifa"
26202,Wiz Khalifa Featuring Too $hort
26247,Kreayshawn
26248,Birdman Featuring Nicki Minaj & Lil Wayne
26270,Future
26315,Wale Featuring Miguel
26316,T.I. Featuring Big K.R.I.T.
26317,Tyga Featuring Chris Richardson
26340,Red Cafe Featuring Ryan Leslie & Rick Ross
26362,New Boyz Featuring Chris Brown
26363,T.I. Featuring Big K.R.I.T.
26405,Bad Meets Evil Featuring Bruno Mars
26406,Red Cafe Featuring Ryan Leslie & Rick Ross
26409,Drake Featuring Lil Wayne
26429,Drake Featuring Lil Wayne
26431,Future
26451,Roscoe Dash
26473,Nicki Minaj Featuring Rihanna
26474,Roscoe Dash
26498,Kirko Bangz
26518,Pitbull Featuring Chris Brown
26542,Nicki Minaj Featuring Rihanna
26586,Lil Wayne Featuring Bruno Mars
26630,Future Featuring T.I.
26673,Travis Porter Featuring Tyga
26716,Wale Featuring Lloyd
26738,Nicki Minaj
26759,Waka Flocka Flame Featuring Drake
26782,Young Jeezy Featuring 2 Chainz
26802,Rick Ross Featuring Drake & French Montana
26803,Tyga Featuring Lil Wayne
26804,Young Jeezy Featuring 2 Chainz
26844,Ca$h Out
26846,Pitbull Featuring Chris Brown
26868,B.o.B
26870,Drake Featuring The Weeknd
26890,B.o.B
26891,J. Cole Featuring Missy Elliott
26931,J. Cole Featuring Missy Elliott
26932,Drake Featuring The Weeknd
26935,Wale Featuring Lloyd
26937,Future Featuring T.I.
26957,Rick Ross Featuring Drake & French Montana
26960,Waka Flocka Flame Featuring Trey Songz
26961,B.o.B
26982,Rick Ross Featuring Drake & French Montana
27006,Kendrick Lamar Featuring Dr. Dre
27007,Rick Ross Featuring Usher
27030,Kendrick Lamar Featuring Dr. Dre
27051,"Wale Featuring Rick Ross, Meek Mill & T-Pain"
27079,Rick Ross Featuring Usher
27102,Rick Ross Featuring Usher
27126,Driicky Graham
27127,Kendrick Lamar Featuring Dr. Dre
27175,Future
27197,"French Montana Featuring Rick Ross, Drake, Lil Wayne"
27198,Drake Featuring Lil Wayne
27222,Drake Featuring Lil Wayne
27243,Nicki Minaj Featuring 2 Chainz
27246,Drake Featuring Lil Wayne
27271,Drake Featuring Lil Wayne
27293,"Waka Flocka Flame Featuring Nicki Minaj, Tyga & Flo Rida"
27295,Tyga
27319,"Waka Flocka Flame Featuring Nicki Minaj, Tyga & Flo Rida"
27341,Lil Wayne Featuring Big Sean
27365,Nicki Minaj Featuring 2 Chainz
27367,Rick Ross Featuring Wale & Drake
27382,Chief Keef Featuring Lil Reese
27388,Rick Ross Featuring Usher
27412,T.I.
27433,"Game Featuring Chris Brown, Tyga, Wiz Khalifa & Lil Wayne"
27434,Clyde Carson Featuring The Team
27447,Kendrick Lamar
27450,Lil Wayne Featuring Detail
27457,Macklemore & Ryan Lewis Featuring Wanz
27458,Meek Mill Featuring Kirko Bangz
27459,Pitbull Featuring TJR
27460,Tyga Featuring 2 Chainz
27480,"Game Featuring Chris Brown, Tyga, Wiz Khalifa & Lil Wayne"
27482,Meek Mill Featuring Kirko Bangz
27494,Future
27506,Wiz Khalifa Featuring The Weeknd
27522,Macklemore & Ryan Lewis Featuring Wanz
27526,Meek Mill Featuring Kirko Bangz
27530,Kendrick Lamar
27531,"Game Featuring Chris Brown, Tyga, Wiz Khalifa & Lil Wayne"
27546,Rick Ross Featuring Wale & Drake
27555,Ludacris Featuring Kelly Rowland
27579,Ludacris Featuring Kelly Rowland
27673,Meek Mill Featuring Kirko Bangz
27676,Ludacris Featuring Kelly Rowland
27695,Future
27720,"Game Featuring Chris Brown, Tyga, Wiz Khalifa & Lil Wayne"
27769,Kendrick Lamar
27792,Lupe Fiasco & Guy Sebastian
27805,Kendrick Lamar Featuring Drake
27813,Lupe Fiasco & Guy Sebastian
27814,"Game Featuring Chris Brown, Tyga, Wiz Khalifa & Lil Wayne"
27830,Wiz Khalifa Featuring The Weeknd
27836,"Game Featuring Chris Brown, Tyga, Wiz Khalifa & Lil Wayne"
27855,Chief Keef
27861,Macklemore & Ryan Lewis Featuring Mary Lambert
27862,"Game Featuring Chris Brown, Tyga, Wiz Khalifa & Lil Wayne"
27878,T.I. Featuring Lil Wayne
27880,Wiz Khalifa Featuring The Weeknd
27905,Chief Keef
27909,Big Sean
27927,"Kanye West, Jay-Z, Big Sean"
27981,French Montana Featuring Nicki Minaj
28003,Tyga Featuring Rick Ross
28022,Future
28026,Juicy J Featuring Big Sean And Young Jeezy
28028,Kendrick Lamar
28074,Future
28083,PSY
28102,Rocko Featuring Future & Rick Ross
28122,Rocko Featuring Future & Rick Ross
28140,"DJ Khaled Featuring Drake, Rick Ross & Lil Wayne"
28148,"Hustle Gang Featuring T.I., B.o.B, Kendrick Lamar & Kris Stephens"
28200,"Rich Gang Featuring Lil Wayne, Birdman, Future, Mack Maine, Nicki Minaj"
28227,Drop City Yacht Club Featuring Jeremih
28242,2 Chainz & Wiz Khalifa
28244,B.o.B Featuring 2 Chainz
28250,T.I. Featuring Lil Wayne
28252,A$AP Ferg
28301,French Montana
28313,"DJ Khaled Featuring Drake, Rick Ross & Lil Wayne"
28323,"Major Lazer Featuring Bruno Mars, Tyga & Mystic"
28340,Kanye West
28342,Kanye West
28346,J. Cole Featuring TLC
28349,Kanye West
28352,Wale Featuring Sam Dew
28376,Big Sean Featuring Lil Wayne & Jhene Aiko
28377,Juicy J Featuring Wale And Trey Songz
28393,2 Chainz Featuring Pharrell
28404,Jay Z Featuring Justin Timberlake
28410,Jay Z
28420,Jay Z Featuring Rick Ross
28423,Jay Z Featuring Beyonce
28424,Jay Z Featuring Frank Ocean
28426,The FiNATTiCZ
28427,Jay Z
28445,Sage The Gemini
28463,Sage The Gemini Featuring IamSu
28500,Rich Homie Quan
28552,Yo Gotti Featuring Jeezy & YG
28575,Ludacris
28578,Eminem
28602,Migos
28640,B.o.B Featuring 2 Chainz
28644,The FiNATTiCZ
28647,Juicy J Featuring Wale And Trey Songz
28649,French Montana
28668,Kid Ink Featuring Chris Brown
28670,Macklemore & Ryan Lewis Featuring ScHoolboy Q & Hollis
28673,Young Dro
28679,Drake Featuring 2 Chainz & Big Sean
28684,Drake
28687,Drake
28691,Drake
28692,Drake Featuring Jay Z
28693,Drake
28698,Drake
28699,Drake
28704,Kanye West Featuring Cam'ron & Consequence
28716,YG X Jeezy X Rich Homie Quan
28729,Eminem
28736,Pitbull Featuring Ke$ha
28751,Eminem
28771,Travie McCoy Featuring Jason Mraz
28773,Lupe Fiasco Featuring Ed Sheeran
28796,Drake Featuring Jhene Aiko
28797,Young Dro
28798,Eminem Featuring Rihanna
28843,Eminem Featuring Sia
28844,Drake Featuring Jay Z
28887,Kanye West
28942,Childish Gambino
28966,Childish Gambino
28967,Childish Gambino
28968,J. Cole Featuring Amber Coffman & The Cults
28987,Drake
28989,DJ Snake & Lil Jon
28991,J. Cole Featuring Amber Coffman & The Cults
28992,Flo Rida
29062,Future
29063,Childish Gambino
29098,ScHoolboy Q
29104,ScHoolboy Q
29111,Que
29130,Rick Ross Featuring JAY Z
29151,Young Thug
29168,Drake
29170,ScHoolboy Q
29177,Eminem
29198,Eminem Featuring Nate Ruess
29199,We Are Toonz
29200,Eminem
29201,Childish Gambino
29214,Pitbull Featuring G.R.L.
29216,Young Money Featuring Drake
29219,Kendrick Lamar Featuring MC Eiht
29222,We Are Toonz
29235,Rick Ross Featuring Kanye West & Big Sean
29244,QUE
29262,Rick Ross Featuring JAY Z
29263,Rick Ross Featuring Kanye West & Big Sean
29265,Kendrick Lamar Featuring MC Eiht
29283,QUE
29316,Kid Ink Featuring Chris Brown
29335,Wisin Featuring Jennifer Lopez & Ricky Martin
29336,Childish Gambino
29355,Childish Gambino
29412,Childish Gambino
29440,Nicki Minaj
29455,Meek Mill
29459,Lil Wayne Featuring Drake
29474,Young Thug
29495,Ca$h Out
29501,PSY Featuring Snoop Dogg
29526,T.I. Featuring Iggy Azalea
29537,Migos
29540,We Are Toonz
29575,Busta Rhymes Featuring Eminem
29576,Iggy Azalea Featuring Rita Ora
29598,Future Featuring Kanye West
29599,Rae Sremmurd
29618,Drake
29638,Rae Sremmurd
29653,Rae Sremmurd
29658,Nicki Minaj
29670,Migos
29672,Rae Sremmurd
29673,T.I. Featuring Young Thug
29691,"Juicy J, Wiz Khalifa & Ty Dolla $ign Featuring Kill The Noise & Madsonik"
29694,Tyga Featuring Young Thug
29716,"Steve Aoki, Chris Lake & Tujamo Featuring Kid Ink"
29721,Eminem Featuring Sia
29739,TeeFLii Featuring 2 Chainz
29740,"Juicy J, Wiz Khalifa & Ty Dolla $ign Featuring Kill The Noise & Madsonik"
29764,"Juicy J, Wiz Khalifa & Ty Dolla $ign Featuring Kill The Noise & Madsonik"
29786,Eminem Featuring Sia
29807,Wiz Khalifa Featuring Snoop Dogg & Ty Dolla $ign
29810,Migos
29819,Kendrick Lamar
29826,Big Sean Featuring E-40
29827,Rae Sremmurd
29857,Wiz Khalifa Featuring Snoop Dogg & Ty Dolla $ign
29859,Lil Jon Featuring Tyga
29864,Iggy Azalea Featuring Charli XCX
29905,Bobby Shmurda
29924,Migos
29927,Kid Ink Featuring Usher & Tinashe
29929,Tyga Featuring Young Thug
29931,OG Maco Featuring 2 Chainz
29942,Rae Sremmurd
29954,Bobby Shmurda
30002,Flo Rida Featuring Sage The Gemini & Lookas
30019,Nicki Minaj Featruing Skylar Grey
30020,O.T. Genasis
30049,Pitbull & Ne-Yo
30077,Wale Featuring Jeremih
30092,J. Cole
30096,J. Cole
30097,J. Cole
30102,J. Cole
30103,J. Cole
30111,Nicki Minaj Featuring Beyonce
30121,Nicki Minaj Featuring Ariana Grande
30149,French Montana Featuring Jeremih
30153,Hoodie Allen Featuring Ed Sheeran
30172,Rae Sremmurd Featuring Nicki Minaj & Young Thug
30173,G-Eazy Featuring Remo
30176,B.o.B Featuring Trey Songz
30202,Machine Gun Kelly
30225,Fetty Wap
30226,Kevin Gates Featuring August Alsina
30240,Nicki Minaj Featuring Drake & Lil Wayne
30274,K Camp
30276,J Balvin
30288,Big Sean Featuring Drake
30302,Kid Ink Featuring DeJ Loaf
30312,Drake
30318,Drake
30319,Drake
30322,Drake Featuring Lil Wayne
30323,Drake
30324,Iggy Azalea Featuring M0
30327,Pitbull Featuring John Ryan
30342,Drake
30345,Drake
30349,Drake
30350,Drake
30370,Big Sean Featuring Kanye West
30373,Big Sean Featuring Kanye West & John Legend
30374,Big Sean
30380,"Kanye West Featuring Theophilus London, Allan Kingdom & Paul McCartney"
30397,Kendrick Lamar
30420,LunchMoney Lewis
30421,Wiz Khalifa Featuring Charlie Puth
30423,Kalin And Myles
30426,Ludacris Featuring Miguel
30439,Kendrick Lamar
30449,Kendrick Lamar Featuring George Clinton & Thundercat
30451,Kendrick Lamar Featuring Bilal. Anna Wise & Thundercat
30464,Iggy Azalea Featuring Jennifer Hudson
30472,Action Bronson Featuring Chance The Rapper
30473,Future
30496,Wale Featuring Usher
30522,Wiz Khalifa & Iggy Azalea
30534,T-Wayne
30550,Kevin Gates Featuring August Alsina
30568,Bandit Gang Marco Featuring Dro
30572,Rich Homie Quan
30621,Nicki Minaj
30642,"DJ Khaled Featuring Chris Brown, Lil Wayne & Big Sean"
30644,Pitbull Featuring Chris Brown
30650,Tech N9Ne Featuring 2 Chainz & B.o.B
30696,A$AP Rocky Featuring ScHoolboy Q
30709,Eminem
30723,A$AP Rocky Featuring Rod Stewart x Miguel x Mark Ronson
30743,Travi$ Scott Featuring Future & 2 Chainz
30748,Rae Sremmurd
30750,Young Thug
30772,Flo Rida Featuring Robin Thicke & Verdine White
30791,Meek Mill Featuring Chris Brown & Nicki Minaj
30799,Fetty Wap
30807,Fetty Wap Featuring Remy Boyz
30812,Meek Mill Featuring Drake
30821,Big Sean Featuring Chris Brown & Ty Dolla $ign
30824,Meek Mill Featuring Nicki Minaj
30847,Meek Mill
30848,Meek Mill Featuring Future
30850,Meek Mill Featuring The Weeknd
30869,Eminem Featuring Gwen Stefani
30891,Future Featuring Drake
30897,Future
30899,Future
30924,K Camp
30931,Drake
30941,Drake
30943,Drake
30947,The Game Featuring Drake
30958,Fetty Wap
30975,Mac Miller
30984,N.W.A
30986,@iHeartMemphis
30989,Eazy-E
30995,N.W.A
31030,"Macklemore & Ryan Lewis Featuring Eric Nally, Melle Mel, Kool Moe Dee & Grandmaster Caz"
31068,Travi$ Scott
31070,Wiz Khalifa Featuring Rae Sremmurd
31071,Post Malone
31092,Drake
31098,Ty Dolla $ign Featuring Future & Rae Sremmurd
31099,Lil Wayne & Charlie Puth
31114,Drake & Future
31117,Fetty Wap
31120,Drake & Future
31121,Lil Dicky Featuring Fetty Wap & Rich Homie Quan
31123,Drake & Future
31124,Drake & Future
31125,Drake & Future
31147,Drake & Future
31149,Drake & Future
31150,Drake & Future
31172,Rae Sremmurd
31197,DeJ Loaf Featuring Big Sean
31273,G-Eazy x Bebe Rexha
31290,DLOW
31299,Missy Elliott Featuring Pharrell Williams
31325,Future
31349,Future
31350,Yo Gotti
31375,Rick Ross Featuring Chris Brown
31424,Kevin Gates
31450,2 Chainz
31474,Fetty Wap Featuring Monty
31496,Kevin Gates
31499,"Colonel Loud Featuring T.I., Young Dolph & Ricco Barrino"
31521,Lil Durk & DeJ Loaf
31523,iLoveMemphis
31547,Curren$Y Featuring August Alsina & Lil Wayne
31550,Kid Ink Featuring Fetty Wap
31559,Wiz Khalifa Featuring Travi$ Scott
31574,K Camp Featuring Fetty Wap
31576,Drake
31592,"Kevin Gates Featuring Trey Songz, Ty Dolla $ign &  Jamie Foxx"
31599,Luke Nasty
31609,Future Featuring The Weeknd
31613,Future
31614,Fetty Wap
31623,O.T. Genasis Featuring Young Dolph
31625,Future
31648,Ty Dolla $ign Featuring E-40
31650,Belly Featuring The Weeknd
31666,Migos
31670,Belly Featuring The Weeknd
31686,Flo Rida Featuring Jason Derulo
31698,A$AP Ferg Featuring Future
31711,Kendrick Lamar
31715,Kendrick Lamar
31719,2 Chainz Featuring Lil Wayne
31745,Young Greatness
31746,Future
31749,MadeinTYO
31757,Iggy Azalea
31771,Fat Joe & Remy Ma Featuring French Montana
31772,Yo Gotti Featuring E-40
31773,J. Cole
31774,Plies
31791,Young Thug
31793,Young Thug
31799,Rae Sremmurd
31802,Drake Featuring The Throne
31807,Kanye West
31808,Kanye West
31810,Kanye West
31815,Kanye West
31816,Kanye West
31821,Kanye West
31824,Kanye West
31841,Pitbull Featuring Enrique Iglesias
31892,Post Malone
31896,Kent Jones
31905,Drake
31906,Drake Featuring Future
31907,Drake
31908,Drake
31909,Drake
31910,Drake
31911,Drake Featuring Rihanna
31912,Drake
31913,Drake
31915,Drake
31917,Drake
31918,Drake Featuring Pimp C & dvsn
31919,Drake
31924,Drake
32027,DJ Khaled Featuring Drake
32064,"Kanye West, Gucci Mane, Big Sean, 2 Chainz, Travi$ Scott, Yo Gotti, Quavo, Desiigner"
32066,ScHoolboy Q Featuring Kanye West
32070,D.R.A.M. Featuring Lil Yachty
32072,Lil Uzi Vert
32073,Wale
32094,YG Featuring Drake & Kamaiyah
32106,"Lil Wayne, Wiz Khalifa & Imagine Dragons With Logic, Ty Dolla $ign & X Ambassadors"
32113,DJ Khaled Featuring JAY Z & Future
32131,Fergie
32149,French Montana Featuring Kodak Black
32171,Lil Uzi Vert
32195,French Montana Featuring Drake
32199,Dae Dae
32208,Desiigner
32213,Skrillex & Rick Ross
32221,Gucci Mane & Drake
32223,Lil Yachty
32224,Gucci Mane Featuring Kanye West
32246,"DJ Khaled Featuring Big Sean, Kendrick Lamar & Betty Wright"
32269,Rob $tone Featuring J. Davi$ & Spooks
32273,"DJ Khaled Featuring Nicki Minaj, Chris Brown & August Alsina"
32293,Rae Sremmurd
32298,Young Thug And Travis Scott Featuring Quavo
32344,DJ ESCO Featuring Future & Lil Uzi Vert
32346,Young M.a.
32348,Young Thug
32370,Young M.A
32373,"DJ Drama Featuring Chris Brown, Skeme & Lyquin"
32374,Travis Scott Featuring Kendrick Lamar
32391,Amin
32392,Post Malone Featuring Justin Bieber
32411,Lil Uzi Vert
32417,ScHoolboy Q Featuring Kanye West
32420,DJ ESCO Featuring Future & Lil Uzi Vert
32423,"DJ Khaled Featuring Nicki Minaj, Chris Brown & August Alsina"
32472,Zay Hilfigerrr & Zayion McCall
32519,The Game Featuring Jeremih
32520,Dae Dae
32527,Drake
32532,Drake Featuring 21 Savage
32546,21 Savage & Metro Boomin
32561,Meek Mill Featuring Tory Lanez
32568,Meek Mill Featuring Lil Uzi Vert & Nicki Minaj
32569,Meek Mill Featuring Young Thug & 21 Savage
32571,Drake
32572,Meek Mill
32576,Future Featuring Drake
32591,Big Sean
32618,A Tribe Called Quest
32619,YFN Lucci Featuring Migos & Trouble
32642,YFN Lucci Featuring Migos & Trouble
32666,YFN Lucci Featuring Migos & Trouble
32668,Meek Mill Featuring Tory Lanez
32688,PnB Rock
32689,A Boogie Wit da Hoodie
32695,J. Cole
32697,J. Cole
32700,J. Cole
32701,J. Cole
32702,J. Cole
32703,J. Cole
32705,J. Cole
32706,J. Cole
32708,J. Cole
32712,J. Cole
32714,J. Cole
